{
	"format_version": "1.8.0",
	"animations": {
		"animation.well_of_fate.idle": {
			"loop": true,
			"animation_length": 7.20833,
			"bones": {
				"cube": {
					"rotation": ["(math.sin(query.anim_time*150)*10 + math.sin(query.anim_time*100)*10) * (1-q.health/q.max_health)", "query.anim_time*-100", 0]
				},
				"water": {
					"rotation": ["(math.sin(query.anim_time*150)*0.5 + math.sin(query.anim_time*100)*0.5) * math.min((q.max_health / q.health), 5)", 0, 0],
					"position": [0, "math.sin(query.anim_time*75)*0.1 + math.sin(query.anim_time*50)*0.1 + (-10 *(1- q.health / q.max_health))", 0]
				},
				"health_barEnd": {
					"scale": ["q.health == q.max_health ? 1 : 0", "q.health == q.max_health ? 1 : 0", "q.health == q.max_health ? 1 : 0"]
				}
			}
		},
		"animation.well_of_fate.destroy": {
			"loop": "hold_on_last_frame",
			"animation_length": 5.375,
			"bones": {
				"cube": {
					"rotation": {
						"0.0": ["(math.sin(query.anim_time*142.5)*10 + math.sin(query.anim_time*200)*10) * (1-q.health/q.max_health)", "query.anim_time*-80", 0],
						"2.0": [0, -145, 0],
						"3.5417": [0, -145, 0],
						"3.7917": [0, -145, 0],
						"4.0": [0, -145, -13.6],
						"4.1667": [0, -145, -44.13],
						"4.2917": [0, -145, -68.85],
						"4.4583": [0, -145, -85],
						"4.625": [0, -145, -100.45],
						"4.75": [0, -145, -114.26],
						"4.9583": [0, -145, -156]
					},
					"position": {
						"0.0": [0, 0, 0],
						"1.2917": ["0.77 + math.random(-1,1)", 0.19, "-0.81 + math.random(-1,1)"],
						"1.5": ["math.random(-1,1)", "query.anim_time*1.2", "math.random(-1,1)"],
						"1.6667": [0.34, 2.07, -0.06],
						"1.75": [0.41, 0.8, -0.32],
						"1.9167": [0.21, -3.1, -0.16],
						"2.0": [0, -10, 0],
						"2.0833": [0, -9.5, 0],
						"2.1667": [0, -10, 0],
						"2.25": ["math.random(-1,1)", -10, "math.random(-1,1)"],
						"2.5417": [0, -10, 0],
						"2.75": [0, -10, 0],
						"3.5417": [0, -10, 0],
						"3.6667": [-3.8, -10, 0],
						"4.0": [-30, -10, 0],
						"4.1667": [-42.47127, -6.93958, 0],
						"4.2917": [-52.28276, -4.4398, 0],
						"4.4583": [-57.49836, 0.08389, 0],
						"4.625": [-63.96482, 3.19716, 0],
						"4.75": [-69.55647, 5.71538, 0],
						"5.0": ["-90.27 +math.random(-1,1)", 3.09009, "0+math.random(-1,1)"],
						"5.25": [-92.03538, 3.49686, 0]
					}
				},
				"WellTop": {
					"rotation": {
						"2.0833": [0, 0, 0],
						"2.4583": [0, 0, 0],
						"2.6667": [0, 0, 0],
						"3.1667": [0, 0, -15],
						"3.5417": [0, 0, -24]
					},
					"position": {
						"2.0833": [0, 0, 0],
						"2.25": [0, 0, 0],
						"2.4583": [0, 0, 0],
						"2.6667": [0, 0, 0],
						"3.0": [-5.5, -3, 0],
						"3.2083": [-11.55, -9.5, 0],
						"3.4167": [-19.8, -22, 0],
						"3.5417": [-26.6, -36, 0]
					}
				},
				"Support1": {
					"rotation": {
						"2.6667": [0, 0, 0],
						"3.0": [22.71, 20, 0],
						"3.2083": [58.36, 22.5, 0],
						"3.3333": [90, 25, 0],
						"3.4167": [87.5, 25, 0],
						"3.5": [90, 25, 0]
					},
					"position": {
						"2.375": [0, 0, 0],
						"2.6667": ["math.random(-1,1)", 0, "math.random(-1,1)"],
						"2.875": [-0.6, -0.95, -2.07],
						"3.3333": [0, -4, -7],
						"3.4167": [-1, -3, -8],
						"3.5": [-2, -4, -9]
					}
				},
				"Support2": {
					"rotation": {
						"2.875": [0, 0, 0],
						"3.3333": [51.43, -11.71, 0],
						"3.5833": [89.47, -22.14, 0],
						"3.7083": [86, -25.5, 0],
						"3.8333": [90, -26.5, 0]
					},
					"position": {
						"2.5833": [0, 0, 0],
						"2.875": ["math.random(-1,1)", 0, "math.random(-1,1)"],
						"3.0833": [-0.14, -0.71, -1.22],
						"3.5833": [0, -4, -9],
						"3.7083": [1, -3, -11],
						"3.8333": [2, -4, -13]
					}
				},
				"water": {
					"rotation": {
						"0.0": ["(math.sin(query.anim_time*150)*0.5 + math.sin(query.anim_time*100)*0.5) * math.min((q.max_health / q.health), 5)", 0, 0],
						"1.0833": ["math.sin(query.anim_time*500)*5 + math.sin(query.anim_time*400)*5", 0, 0]
					},
					"position": {
						"0.0": [0, "math.sin(query.anim_time*75)*0.1 + math.sin(query.anim_time*50)*0.1 + (-10 *(1- q.health / q.max_health))", 0],
						"0.875": [0, "-22+math.sin(query.anim_time*75)*0.1 + math.sin(query.anim_time*50)*0.1", 0]
					}
				},
				"Support3": {
					"rotation": {
						"2.6667": [0, 0, 0],
						"3.125": [-30, -11, -15],
						"3.4167": [-85, -15.5, 0],
						"3.5417": [-90, -17.5, 0],
						"3.625": [-90, -17.5, 0]
					},
					"position": {
						"2.4583": [0, 0, 0],
						"2.6667": ["math.random(-1,1)", 1, "math.random(-1,1)"],
						"3.0": [-0.07, 0.29, 5.42],
						"3.2917": [-0.11, -1, 6.75],
						"3.5417": [0, -4, 10],
						"3.5833": [0, -4, 10],
						"3.7083": [-1.5, -3, 11.75],
						"3.7917": [-1.5, -4, 12]
					}
				},
				"Support4": {
					"rotation": {
						"2.75": [0, 0, 0],
						"3.0833": [0, 0, 15.96],
						"3.4167": [0, 0, 55.5],
						"3.5417": [0, 0, 90],
						"3.625": [0, 0, 88.3],
						"3.7083": [0, 0, 90]
					},
					"position": {
						"2.4583": [0, 0, 0],
						"2.75": ["math.random(-1,1)", 0, "math.random(-1,1)"],
						"2.875": [-0.01, -0.48, 1.1],
						"3.0833": [3.07, -0.83, 1.14],
						"3.5417": [8, -4, 0],
						"3.625": [10, -3, 0],
						"3.7083": [12, -4, 0]
					}
				},
				"WellTopTop": {
					"rotation": {
						"3.4583": [0, 0, 0],
						"3.7083": [0, 0, -5],
						"3.8333": [0, 0, 0],
						"3.9167": [0, 0, 1],
						"4.0": [0, 0, 0]
					},
					"position": {
						"2.0833": [0, 0, 0],
						"2.25": ["math.random(-1,1)", 0, "math.random(-1,1)"],
						"2.4583": [0, 0, 0],
						"2.6667": [0, 0, 0],
						"3.4583": [0, 0, 0],
						"3.5417": ["0.3 + math.random(-1,1)", -0.4, "0 + math.random(-1,1)"],
						"3.625": [0, 0.6, 0],
						"3.8333": [-2, 0, 0]
					}
				},
				"health_bar": {
					"scale": {
						"0.0": [1.5, 1.5, 1.5],
						"0.5": [1, 1, 0]
					}
				}
			}
		},
		"animation.well_of_fate.destroyed_pose": {
			"loop": "hold_on_last_frame",
			"bones": {
				"cube": {
					"rotation": [0, -145, -155],
					"position": [-73, -3.68276, 0]
				},
				"WellTop": {
					"rotation": [0, 0, -24],
					"position": [-26.6, -36, 0]
				},
				"Support1": {
					"rotation": [90, 25, 0],
					"position": [-2, -4, -9]
				},
				"Support2": {
					"rotation": [90, -26.5, 0],
					"position": [2, -4, -13]
				},
				"water": {
					"rotation": ["math.sin(query.anim_time*500)*5 + math.sin(query.anim_time*400)*5", 0, 0],
					"position": [0, "-22+math.sin(query.anim_time*75)*0.1 + math.sin(query.anim_time*50)*0.1", 0]
				},
				"Support3": {
					"rotation": [-90, -17.5, 0],
					"position": [-1.5, -4, 12]
				},
				"Support4": {
					"rotation": [0, 0, 90],
					"position": [12, -4, 0]
				},
				"WellTopTop": {
					"rotation": [0, 0, 0],
					"position": [-2, 0, 0]
				},
				"health_bar": {
					"scale": [0, 0, 0]
				}
			}
		},
		"animation.well_of_fate.healthbar": {
			"loop": true,
			"bones": {
				"health_barBeam": {
					"scale": [1, 1, "0.016675 * math.round(60 + ((0 - 60) / (0 - 1)) * (q.health/q.max_health - 1))"]
				},
				"health_barEnd": {
					"scale": [
						"q.health / q.max_health >= 0.983325 ? 1 : 0",
						"q.health / q.max_health >= 0.983325 ? 1 : 0",
						"q.health / q.max_health >= 0.983325 ? 1 : 0"
					]
				},
				"HealthBarStart": {
					"scale": [
						"q.health / q.max_health >= 0.016675 ? 1 : 0",
						"q.health / q.max_health >= 0.016675 ? 1 : 0",
						"q.health / q.max_health >= 0.016675 ? 1 : 0"
					]
				},
				"health_bar": {
					"rotation": [0, "query.rotation_to_camera(1)", 0],
					"scale": [1.5, 1.5, 1.5]
				},
				"health_bar_start": {
					"scale": ["q.health / q.max_health > 0.007 ? 1 : 0", "q.health / q.max_health > 0.007 ? 1 : 0", "q.health / q.max_health > 0.007 ? 1 : 0"]
				},
				"health_barDamaged": {
					"position": [0, 0, "(-1 * math.round(0 + ((60 - 0) / (0 - 1)) * (q.health/q.max_health - 1))) +1"],